BlockId,Label
blk_1000000000,Anomaly
blk_1000000001,Normal
blk_1000000002,Anomaly
blk_1000000003,Normal
blk_1000000004,Normal
blk_1000000005,Normal
blk_1000000006,Normal
blk_1000000007,Normal
blk_1000000008,Anomaly
blk_1000000009,Normal
blk_1000000010,Normal
blk_1000000011,Normal
blk_1000000012,Anomaly
blk_1000000013,Normal
blk_1000000014,Normal
blk_1000000015,Normal
blk_1000000016,Normal
blk_1000000017,Normal
blk_1000000018,Normal
blk_1000000019,Normal
blk_1000000020,Normal
blk_1000000021,Normal
blk_1000000022,Normal
blk_1000000023,Normal
blk_1000000024,Normal
blk_1000000025,Normal
blk_1000000026,Normal
blk_1000000027,Normal
blk_1000000028,Anomaly
blk_1000000029,Normal
blk_1000000030,Normal
blk_1000000031,Normal
blk_1000000032,Normal
blk_1000000033,Normal
blk_1000000034,Anomaly
blk_1000000035,Normal
blk_1000000036,Normal
blk_1000000037,Normal
blk_1000000038,Normal
blk_1000000039,Normal
blk_1000000040,Normal
blk_1000000041,Normal
blk_1000000042,Normal
blk_1000000043,Normal
blk_1000000044,Normal
blk_1000000045,Normal
blk_1000000046,Normal
blk_1000000047,Anomaly
blk_1000000048,Normal
blk_1000000049,Normal
blk_1000000050,Normal
blk_1000000051,Anomaly
blk_1000000052,Normal
blk_1000000053,Normal
blk_1000000054,Normal
blk_1000000055,Anomaly
blk_1000000056,Normal
blk_1000000057,Normal
blk_1000000058,Normal
blk_1000000059,Normal
blk_1000000060,Normal
blk_1000000061,Normal
blk_1000000062,Normal
blk_1000000063,Normal
blk_1000000064,Anomaly
blk_1000000065,Normal
blk_1000000066,Normal
blk_1000000067,Normal
blk_1000000068,Normal
blk_1000000069,Normal
blk_1000000070,Normal
blk_1000000071,Normal
blk_1000000072,Normal
blk_1000000073,Normal
blk_1000000074,Normal
blk_1000000075,Normal
blk_1000000076,Normal
blk_1000000077,Normal
blk_1000000078,Normal
blk_1000000079,Normal
blk_1000000080,Normal
blk_1000000081,Anomaly
blk_1000000082,Normal
blk_1000000083,Normal
blk_1000000084,Normal
blk_1000000085,Normal
blk_1000000086,Normal
blk_1000000087,Normal
blk_1000000088,Normal
blk_1000000089,Anomaly
blk_1000000090,Normal
blk_1000000091,Normal
blk_1000000092,Normal
blk_1000000093,Normal
blk_1000000094,Normal
blk_1000000095,Normal
blk_1000000096,Normal
blk_1000000097,Anomaly
blk_1000000098,Normal
blk_1000000099,Anomaly
blk_1000000100,Normal
blk_1000000101,Normal
blk_1000000102,Normal
blk_1000000103,Normal
blk_1000000104,Normal
blk_1000000105,Normal
blk_1000000106,Anomaly
blk_1000000107,Normal
blk_1000000108,Normal
blk_1000000109,Normal
blk_1000000110,Normal
blk_1000000111,Normal
blk_1000000112,Normal
blk_1000000113,Normal
blk_1000000114,Normal
blk_1000000115,Normal
blk_1000000116,Normal
blk_1000000117,Normal
blk_1000000118,Normal
blk_1000000119,Normal
blk_1000000120,Normal
blk_1000000121,Normal
blk_1000000122,Anomaly
blk_1000000123,Normal
blk_1000000124,Normal
blk_1000000125,Normal
blk_1000000126,Normal
blk_1000000127,Anomaly
blk_1000000128,Normal
blk_1000000129,Normal
blk_1000000130,Normal
blk_1000000131,Normal
blk_1000000132,Normal
blk_1000000133,Anomaly
blk_1000000134,Normal
blk_1000000135,Normal
blk_1000000136,Normal
blk_1000000137,Normal
blk_1000000138,Anomaly
blk_1000000139,Normal
blk_1000000140,Anomaly
blk_1000000141,Normal
blk_1000000142,Normal
blk_1000000143,Normal
blk_1000000144,Normal
blk_1000000145,Normal
blk_1000000146,Normal
blk_1000000147,Normal
blk_1000000148,Normal
blk_1000000149,Normal
blk_1000000150,Normal
blk_1000000151,Normal
blk_1000000152,Anomaly
blk_1000000153,Anomaly
blk_1000000154,Normal
blk_1000000155,Normal
blk_1000000156,Normal
blk_1000000157,Normal
blk_1000000158,Anomaly
blk_1000000159,Normal
blk_1000000160,Normal
blk_1000000161,Normal
blk_1000000162,Anomaly
blk_1000000163,Anomaly
blk_1000000164,Normal
blk_1000000165,Normal
blk_1000000166,Normal
blk_1000000167,Normal
blk_1000000168,Normal
blk_1000000169,Normal
blk_1000000170,Normal
blk_1000000171,Anomaly
blk_1000000172,Normal
blk_1000000173,Normal
blk_1000000174,Anomaly
blk_1000000175,Normal
blk_1000000176,Anomaly
blk_1000000177,Anomaly
blk_1000000178,Normal
blk_1000000179,Normal
blk_1000000180,Anomaly
blk_1000000181,Normal
blk_1000000182,Normal
blk_1000000183,Normal
blk_1000000184,Normal
blk_1000000185,Normal
blk_1000000186,Normal
blk_1000000187,Normal
blk_1000000188,Normal
blk_1000000189,Normal
blk_1000000190,Normal
blk_1000000191,Normal
blk_1000000192,Normal
blk_1000000193,Anomaly
blk_1000000194,Normal
blk_1000000195,Anomaly
blk_1000000196,Normal
blk_1000000197,Normal
blk_1000000198,Normal
blk_1000000199,Normal
blk_1000000200,Anomaly
blk_1000000201,Anomaly
blk_1000000202,Normal
blk_1000000203,Anomaly
blk_1000000204,Normal
blk_1000000205,Normal
blk_1000000206,Normal
blk_1000000207,Anomaly
blk_1000000208,Normal
blk_1000000209,Normal
blk_1000000210,Normal
blk_1000000211,Anomaly
blk_1000000212,Normal
blk_1000000213,Normal
blk_1000000214,Normal
blk_1000000215,Anomaly
blk_1000000216,Normal
blk_1000000217,Normal
blk_1000000218,Normal
blk_1000000219,Normal
blk_1000000220,Normal
blk_1000000221,Normal
blk_1000000222,Normal
blk_1000000223,Anomaly
blk_1000000224,Normal
blk_1000000225,Normal
blk_1000000226,Normal
blk_1000000227,Anomaly
blk_1000000228,Normal
blk_1000000229,Normal
blk_1000000230,Normal
blk_1000000231,Normal
blk_1000000232,Normal
blk_1000000233,Anomaly
blk_1000000234,Normal
blk_1000000235,Normal
blk_1000000236,Normal
blk_1000000237,Normal
blk_1000000238,Anomaly
blk_1000000239,Anomaly
blk_1000000240,Normal
blk_1000000241,Normal
blk_1000000242,Normal
blk_1000000243,Normal
blk_1000000244,Anomaly
blk_1000000245,Normal
blk_1000000246,Anomaly
blk_1000000247,Anomaly
blk_1000000248,Normal
blk_1000000249,Normal
blk_1000000250,Normal
blk_1000000251,Anomaly
blk_1000000252,Anomaly
blk_1000000253,Normal
blk_1000000254,Normal
blk_1000000255,Normal
blk_1000000256,Anomaly
blk_1000000257,Normal
blk_1000000258,Normal
blk_1000000259,Normal
blk_1000000260,Normal
blk_1000000261,Normal
blk_1000000262,Normal
blk_1000000263,Anomaly
blk_1000000264,Normal
blk_1000000265,Normal
blk_1000000266,Normal
blk_1000000267,Anomaly
blk_1000000268,Anomaly
blk_1000000269,Normal
blk_1000000270,Normal
blk_1000000271,Normal
blk_1000000272,Normal
blk_1000000273,Normal
blk_1000000274,Normal
blk_1000000275,Normal
blk_1000000276,Normal
blk_1000000277,Normal
blk_1000000278,Normal
blk_1000000279,Normal
blk_1000000280,Normal
blk_1000000281,Normal
blk_1000000282,Normal
blk_1000000283,Normal
blk_1000000284,Normal
blk_1000000285,Normal
blk_1000000286,Normal
blk_1000000287,Normal
blk_1000000288,Normal
blk_1000000289,Normal
blk_1000000290,Normal
blk_1000000291,Normal
blk_1000000292,Normal
blk_1000000293,Normal
blk_1000000294,Normal
blk_1000000295,Normal
blk_1000000296,Normal
blk_1000000297,Normal
blk_1000000298,Anomaly
blk_1000000299,Anomaly
blk_1000000300,Normal
blk_1000000301,Normal
blk_1000000302,Normal
blk_1000000303,Normal
blk_1000000304,Normal
blk_1000000305,Normal
blk_1000000306,Normal
blk_1000000307,Normal
blk_1000000308,Normal
blk_1000000309,Anomaly
blk_1000000310,Normal
blk_1000000311,Normal
blk_1000000312,Normal
blk_1000000313,Anomaly
blk_1000000314,Anomaly
blk_1000000315,Normal
blk_1000000316,Normal
blk_1000000317,Normal
blk_1000000318,Normal
blk_1000000319,Normal
blk_1000000320,Normal
blk_1000000321,Normal
blk_1000000322,Normal
blk_1000000323,Normal
blk_1000000324,Normal
blk_1000000325,Normal
blk_1000000326,Anomaly
blk_1000000327,Normal
blk_1000000328,Normal
blk_1000000329,Normal
blk_1000000330,Anomaly
blk_1000000331,Normal
blk_1000000332,Anomaly
blk_1000000333,Anomaly
blk_1000000334,Normal
blk_1000000335,Normal
blk_1000000336,Anomaly
blk_1000000337,Anomaly
blk_1000000338,Normal
blk_1000000339,Normal
blk_1000000340,Normal
blk_1000000341,Normal
blk_1000000342,Normal
blk_1000000343,Normal
blk_1000000344,Normal
blk_1000000345,Normal
blk_1000000346,Anomaly
blk_1000000347,Anomaly
blk_1000000348,Normal
blk_1000000349,Normal
blk_1000000350,Normal
blk_1000000351,Normal
blk_1000000352,Normal
blk_1000000353,Normal
blk_1000000354,Normal
blk_1000000355,Normal
blk_1000000356,Normal
blk_1000000357,Anomaly
blk_1000000358,Normal
blk_1000000359,Normal
blk_1000000360,Normal
blk_1000000361,Normal
blk_1000000362,Normal
blk_1000000363,Normal
blk_1000000364,Normal
blk_1000000365,Normal
blk_1000000366,Normal
blk_1000000367,Anomaly
blk_1000000368,Normal
blk_1000000369,Normal
blk_1000000370,Normal
blk_1000000371,Normal
blk_1000000372,Normal
blk_1000000373,Normal
blk_1000000374,Normal
blk_1000000375,Normal
blk_1000000376,Normal
blk_1000000377,Normal
blk_1000000378,Normal
blk_1000000379,Normal
blk_1000000380,Normal
blk_1000000381,Normal
blk_1000000382,Normal
blk_1000000383,Normal
blk_1000000384,Normal
blk_1000000385,Normal
blk_1000000386,Normal
blk_1000000387,Normal
blk_1000000388,Normal
blk_1000000389,Normal
blk_1000000390,Normal
blk_1000000391,Normal
blk_1000000392,Normal
blk_1000000393,Normal
blk_1000000394,Normal
blk_1000000395,Normal
blk_1000000396,Anomaly
blk_1000000397,Normal
blk_1000000398,Normal
blk_1000000399,Normal
blk_1000000400,Normal
blk_1000000401,Normal
blk_1000000402,Anomaly
blk_1000000403,Anomaly
blk_1000000404,Anomaly
blk_1000000405,Anomaly
blk_1000000406,Normal
blk_1000000407,Normal
blk_1000000408,Normal
blk_1000000409,Normal
blk_1000000410,Normal
blk_1000000411,Normal
blk_1000000412,Normal
blk_1000000413,Normal
blk_1000000414,Normal
blk_1000000415,Normal
blk_1000000416,Normal
blk_1000000417,Normal
blk_1000000418,Normal
blk_1000000419,Normal
blk_1000000420,Anomaly
blk_1000000421,Normal
blk_1000000422,Normal
blk_1000000423,Normal
blk_1000000424,Normal
blk_1000000425,Normal
blk_1000000426,Normal
blk_1000000427,Normal
blk_1000000428,Normal
blk_1000000429,Normal
blk_1000000430,Normal
blk_1000000431,Normal
blk_1000000432,Normal
blk_1000000433,Normal
blk_1000000434,Normal
blk_1000000435,Normal
blk_1000000436,Normal
blk_1000000437,Normal
blk_1000000438,Normal
blk_1000000439,Normal
blk_1000000440,Anomaly
blk_1000000441,Normal
blk_1000000442,Normal
blk_1000000443,Normal
blk_1000000444,Normal
blk_1000000445,Normal
blk_1000000446,Anomaly
blk_1000000447,Normal
blk_1000000448,Normal
blk_1000000449,Anomaly
blk_1000000450,Normal
blk_1000000451,Normal
blk_1000000452,Normal
blk_1000000453,Normal
blk_1000000454,Normal
blk_1000000455,Normal
blk_1000000456,Normal
blk_1000000457,Normal
blk_1000000458,Anomaly
blk_1000000459,Normal
blk_1000000460,Normal
blk_1000000461,Anomaly
blk_1000000462,Normal
blk_1000000463,Normal
blk_1000000464,Normal
blk_1000000465,Normal
blk_1000000466,Normal
blk_1000000467,Normal
blk_1000000468,Normal
blk_1000000469,Normal
blk_1000000470,Anomaly
blk_1000000471,Normal
blk_1000000472,Normal
blk_1000000473,Anomaly
blk_1000000474,Anomaly
blk_1000000475,Normal
blk_1000000476,Normal
blk_1000000477,Normal
blk_1000000478,Normal
blk_1000000479,Normal
blk_1000000480,Normal
blk_1000000481,Anomaly
blk_1000000482,Anomaly
blk_1000000483,Normal
blk_1000000484,Normal
blk_1000000485,Normal
blk_1000000486,Normal
blk_1000000487,Normal
blk_1000000488,Normal
blk_1000000489,Normal
blk_1000000490,Normal
blk_1000000491,Normal
blk_1000000492,Normal
blk_1000000493,Normal
blk_1000000494,Normal
blk_1000000495,Normal
blk_1000000496,Normal
blk_1000000497,Normal
blk_1000000498,Normal
blk_1000000499,Anomaly
blk_1000000500,Anomaly
blk_1000000501,Normal
blk_1000000502,Anomaly
blk_1000000503,Normal
blk_1000000504,Normal
blk_1000000505,Normal
blk_1000000506,Normal
blk_1000000507,Normal
blk_1000000508,Normal
blk_1000000509,Normal
blk_1000000510,Anomaly
blk_1000000511,Normal
blk_1000000512,Anomaly
blk_1000000513,Normal
blk_1000000514,Normal
blk_1000000515,Normal
blk_1000000516,Normal
blk_1000000517,Normal
blk_1000000518,Normal
blk_1000000519,Normal
blk_1000000520,Normal
blk_1000000521,Anomaly
blk_1000000522,Normal
blk_1000000523,Normal
blk_1000000524,Normal
blk_1000000525,Normal
blk_1000000526,Normal
blk_1000000527,Normal
blk_1000000528,Normal
blk_1000000529,Anomaly
blk_1000000530,Normal
blk_1000000531,Normal
blk_1000000532,Normal
blk_1000000533,Normal
blk_1000000534,Normal
blk_1000000535,Normal
blk_1000000536,Normal
blk_1000000537,Normal
blk_1000000538,Normal
blk_1000000539,Normal
blk_1000000540,Normal
blk_1000000541,Normal
blk_1000000542,Normal
blk_1000000543,Normal
blk_1000000544,Anomaly
blk_1000000545,Normal
blk_1000000546,Normal
blk_1000000547,Normal
blk_1000000548,Normal
blk_1000000549,Normal
blk_1000000550,Normal
blk_1000000551,Normal
blk_1000000552,Normal
blk_1000000553,Normal
blk_1000000554,Anomaly
blk_1000000555,Normal
blk_1000000556,Normal
blk_1000000557,Normal
blk_1000000558,Normal
blk_1000000559,Normal
blk_1000000560,Anomaly
blk_1000000561,Normal
blk_1000000562,Normal
blk_1000000563,Normal
blk_1000000564,Normal
blk_1000000565,Normal
blk_1000000566,Normal
blk_1000000567,Normal
blk_1000000568,Normal
blk_1000000569,Anomaly
blk_1000000570,Normal
blk_1000000571,Normal
blk_1000000572,Anomaly
blk_1000000573,Normal
blk_1000000574,Normal
blk_1000000575,Normal
blk_1000000576,Normal
blk_1000000577,Normal
blk_1000000578,Normal
blk_1000000579,Normal
blk_1000000580,Anomaly
blk_1000000581,Normal
blk_1000000582,Normal
blk_1000000583,Normal
blk_1000000584,Normal
blk_1000000585,Normal
blk_1000000586,Normal
blk_1000000587,Normal
blk_1000000588,Normal
blk_1000000589,Normal
blk_1000000590,Normal
blk_1000000591,Normal
blk_1000000592,Normal
blk_1000000593,Normal
blk_1000000594,Normal
blk_1000000595,Normal
blk_1000000596,Anomaly
blk_1000000597,Normal
blk_1000000598,Normal
blk_1000000599,Normal
blk_1000000600,Normal
blk_1000000601,Anomaly
blk_1000000602,Anomaly
blk_1000000603,Normal
blk_1000000604,Normal
blk_1000000605,Normal
blk_1000000606,Normal
blk_1000000607,Normal
blk_1000000608,Normal
blk_1000000609,Anomaly
blk_1000000610,Normal
blk_1000000611,Normal
blk_1000000612,Normal
blk_1000000613,Normal
blk_1000000614,Normal
blk_1000000615,Normal
blk_1000000616,Anomaly
blk_1000000617,Normal
blk_1000000618,Normal
blk_1000000619,Normal
blk_1000000620,Anomaly
blk_1000000621,Anomaly
blk_1000000622,Normal
blk_1000000623,Normal
blk_1000000624,Normal
blk_1000000625,Normal
blk_1000000626,Anomaly
blk_1000000627,Normal
blk_1000000628,Normal
blk_1000000629,Normal
blk_1000000630,Normal
blk_1000000631,Normal
blk_1000000632,Normal
blk_1000000633,Anomaly
blk_1000000634,Anomaly
blk_1000000635,Normal
blk_1000000636,Normal
blk_1000000637,Normal
blk_1000000638,Normal
blk_1000000639,Normal
blk_1000000640,Normal
blk_1000000641,Normal
blk_1000000642,Normal
blk_1000000643,Normal
blk_1000000644,Anomaly
blk_1000000645,Normal
blk_1000000646,Normal
blk_1000000647,Normal
blk_1000000648,Normal
blk_1000000649,Normal
blk_1000000650,Normal
blk_1000000651,Normal
blk_1000000652,Normal
blk_1000000653,Normal
blk_1000000654,Normal
blk_1000000655,Normal
blk_1000000656,Normal
blk_1000000657,Normal
blk_1000000658,Normal
blk_1000000659,Normal
blk_1000000660,Normal
blk_1000000661,Normal
blk_1000000662,Normal
blk_1000000663,Normal
blk_1000000664,Normal
blk_1000000665,Anomaly
blk_1000000666,Normal
blk_1000000667,Normal
blk_1000000668,Anomaly
blk_1000000669,Normal
blk_1000000670,Normal
blk_1000000671,Normal
blk_1000000672,Normal
blk_1000000673,Normal
blk_1000000674,Normal
blk_1000000675,Anomaly
blk_1000000676,Normal
blk_1000000677,Normal
blk_1000000678,Anomaly
blk_1000000679,Normal
blk_1000000680,Normal
blk_1000000681,Anomaly
blk_1000000682,Normal
blk_1000000683,Normal
blk_1000000684,Normal
blk_1000000685,Anomaly
blk_1000000686,Normal
blk_1000000687,Normal
blk_1000000688,Normal
blk_1000000689,Normal
blk_1000000690,Normal
blk_1000000691,Normal
blk_1000000692,Normal
blk_1000000693,Normal
blk_1000000694,Normal
blk_1000000695,Normal
blk_1000000696,Normal
blk_1000000697,Normal
blk_1000000698,Normal
blk_1000000699,Normal
blk_1000000700,Normal
blk_1000000701,Normal
blk_1000000702,Normal
blk_1000000703,Normal
blk_1000000704,Normal
blk_1000000705,Normal
blk_1000000706,Normal
blk_1000000707,Normal
blk_1000000708,Normal
blk_1000000709,Anomaly
blk_1000000710,Normal
blk_1000000711,Normal
blk_1000000712,Normal
blk_1000000713,Normal
blk_1000000714,Normal
blk_1000000715,Normal
blk_1000000716,Normal
blk_1000000717,Normal
blk_1000000718,Anomaly
blk_1000000719,Normal
blk_1000000720,Anomaly
blk_1000000721,Normal
blk_1000000722,Normal
blk_1000000723,Normal
blk_1000000724,Normal
blk_1000000725,Normal
blk_1000000726,Normal
blk_1000000727,Normal
blk_1000000728,Normal
blk_1000000729,Normal
blk_1000000730,Normal
blk_1000000731,Normal
blk_1000000732,Normal
blk_1000000733,Normal
blk_1000000734,Anomaly
blk_1000000735,Normal
blk_1000000736,Normal
blk_1000000737,Normal
blk_1000000738,Normal
blk_1000000739,Normal
blk_1000000740,Anomaly
blk_1000000741,Normal
blk_1000000742,Normal
blk_1000000743,Normal
blk_1000000744,Normal
blk_1000000745,Normal
blk_1000000746,Normal
blk_1000000747,Normal
blk_1000000748,Normal
blk_1000000749,Normal
blk_1000000750,Normal
blk_1000000751,Normal
blk_1000000752,Normal
blk_1000000753,Normal
blk_1000000754,Normal
blk_1000000755,Normal
blk_1000000756,Normal
blk_1000000757,Anomaly
blk_1000000758,Anomaly
blk_1000000759,Normal
blk_1000000760,Normal
blk_1000000761,Normal
blk_1000000762,Normal
blk_1000000763,Normal
blk_1000000764,Anomaly
blk_1000000765,Anomaly
blk_1000000766,Normal
blk_1000000767,Normal
blk_1000000768,Normal
blk_1000000769,Normal
blk_1000000770,Normal
blk_1000000771,Anomaly
blk_1000000772,Normal
blk_1000000773,Normal
blk_1000000774,Normal
blk_1000000775,Normal
blk_1000000776,Normal
blk_1000000777,Normal
blk_1000000778,Normal
blk_1000000779,Normal
blk_1000000780,Normal
blk_1000000781,Anomaly
blk_1000000782,Normal
blk_1000000783,Normal
blk_1000000784,Normal
blk_1000000785,Normal
blk_1000000786,Normal
blk_1000000787,Normal
blk_1000000788,Normal
blk_1000000789,Normal
blk_1000000790,Normal
blk_1000000791,Normal
blk_1000000792,Normal
blk_1000000793,Normal
blk_1000000794,Normal
blk_1000000795,Normal
blk_1000000796,Normal
blk_1000000797,Normal
blk_1000000798,Normal
blk_1000000799,Anomaly
blk_1000000800,Anomaly
blk_1000000801,Normal
blk_1000000802,Normal
blk_1000000803,Normal
blk_1000000804,Normal
blk_1000000805,Anomaly
blk_1000000806,Anomaly
blk_1000000807,Normal
blk_1000000808,Normal
blk_1000000809,Normal
blk_1000000810,Normal
blk_1000000811,Normal
blk_1000000812,Normal
blk_1000000813,Anomaly
blk_1000000814,Anomaly
blk_1000000815,Normal
blk_1000000816,Normal
blk_1000000817,Anomaly
blk_1000000818,Normal
blk_1000000819,Normal
blk_1000000820,Normal
blk_1000000821,Normal
blk_1000000822,Normal
blk_1000000823,Normal
blk_1000000824,Normal
blk_1000000825,Normal
blk_1000000826,Normal
blk_1000000827,Normal
blk_1000000828,Normal
blk_1000000829,Normal
blk_1000000830,Normal
blk_1000000831,Normal
blk_1000000832,Normal
blk_1000000833,Normal
blk_1000000834,Normal
blk_1000000835,Normal
blk_1000000836,Normal
blk_1000000837,Normal
blk_1000000838,Normal
blk_1000000839,Normal
blk_1000000840,Anomaly
blk_1000000841,Anomaly
blk_1000000842,Normal
blk_1000000843,Normal
blk_1000000844,Normal
blk_1000000845,Normal
blk_1000000846,Normal
blk_1000000847,Normal
blk_1000000848,Anomaly
blk_1000000849,Normal
blk_1000000850,Normal
blk_1000000851,Normal
blk_1000000852,Anomaly
blk_1000000853,Normal
blk_1000000854,Normal
blk_1000000855,Normal
blk_1000000856,Anomaly
blk_1000000857,Normal
blk_1000000858,Normal
blk_1000000859,Normal
blk_1000000860,Anomaly
blk_1000000861,Normal
blk_1000000862,Normal
blk_1000000863,Normal
blk_1000000864,Normal
blk_1000000865,Normal
blk_1000000866,Normal
blk_1000000867,Normal
blk_1000000868,Normal
blk_1000000869,Anomaly
blk_1000000870,Normal
blk_1000000871,Anomaly
blk_1000000872,Normal
blk_1000000873,Normal
blk_1000000874,Normal
blk_1000000875,Normal
blk_1000000876,Normal
blk_1000000877,Normal
blk_1000000878,Normal
blk_1000000879,Normal
blk_1000000880,Normal
blk_1000000881,Normal
blk_1000000882,Normal
blk_1000000883,Normal
blk_1000000884,Anomaly
blk_1000000885,Normal
blk_1000000886,Anomaly
blk_1000000887,Normal
blk_1000000888,Normal
blk_1000000889,Normal
blk_1000000890,Normal
blk_1000000891,Normal
blk_1000000892,Normal
blk_1000000893,Anomaly
blk_1000000894,Anomaly
blk_1000000895,Normal
blk_1000000896,Normal
blk_1000000897,Anomaly
blk_1000000898,Normal
blk_1000000899,Normal
blk_1000000900,Normal
blk_1000000901,Normal
blk_1000000902,Anomaly
blk_1000000903,Normal
blk_1000000904,Normal
blk_1000000905,Normal
blk_1000000906,Normal
blk_1000000907,Normal
blk_1000000908,Normal
blk_1000000909,Anomaly
blk_1000000910,Normal
blk_1000000911,Normal
blk_1000000912,Normal
blk_1000000913,Normal
blk_1000000914,Anomaly
blk_1000000915,Normal
blk_1000000916,Normal
blk_1000000917,Normal
blk_1000000918,Normal
blk_1000000919,Normal
blk_1000000920,Normal
blk_1000000921,Normal
blk_1000000922,Normal
blk_1000000923,Normal
blk_1000000924,Normal
blk_1000000925,Anomaly
blk_1000000926,Normal
blk_1000000927,Normal
blk_1000000928,Normal
blk_1000000929,Normal
blk_1000000930,Normal
blk_1000000931,Normal
blk_1000000932,Normal
blk_1000000933,Normal
blk_1000000934,Normal
blk_1000000935,Normal
blk_1000000936,Normal
blk_1000000937,Normal
blk_1000000938,Normal
blk_1000000939,Normal
blk_1000000940,Normal
blk_1000000941,Normal
blk_1000000942,Normal
blk_1000000943,Normal
blk_1000000944,Anomaly
blk_1000000945,Normal
blk_1000000946,Anomaly
blk_1000000947,Normal
blk_1000000948,Normal
blk_1000000949,Anomaly
blk_1000000950,Normal
blk_1000000951,Normal
blk_1000000952,Normal
blk_1000000953,Normal
blk_1000000954,Normal
blk_1000000955,Normal
blk_1000000956,Normal
blk_1000000957,Normal
blk_1000000958,Anomaly
blk_1000000959,Normal
blk_1000000960,Normal
blk_1000000961,Normal
blk_1000000962,Normal
blk_1000000963,Normal
blk_1000000964,Anomaly
blk_1000000965,Normal
blk_1000000966,Anomaly
blk_1000000967,Normal
blk_1000000968,Normal
blk_1000000969,Normal
blk_1000000970,Normal
blk_1000000971,Normal
blk_1000000972,Normal
blk_1000000973,Normal
blk_1000000974,Normal
blk_1000000975,Normal
blk_1000000976,Anomaly
blk_1000000977,Normal
blk_1000000978,Normal
blk_1000000979,Normal
blk_1000000980,Normal
blk_1000000981,Normal
blk_1000000982,Normal
blk_1000000983,Normal
blk_1000000984,Normal
blk_1000000985,Normal
blk_1000000986,Normal
blk_1000000987,Normal
blk_1000000988,Normal
blk_1000000989,Normal
blk_1000000990,Normal
blk_1000000991,Normal
blk_1000000992,Anomaly
blk_1000000993,Anomaly
blk_1000000994,Normal
blk_1000000995,Normal
blk_1000000996,Normal
blk_1000000997,Normal
blk_1000000998,Normal
blk_1000000999,Normal
blk_1000001000,Normal
blk_1000001001,Normal
blk_1000001002,Normal
blk_1000001003,Normal
blk_1000001004,Normal
blk_1000001005,Normal
blk_1000001006,Anomaly
blk_1000001007,Normal
blk_1000001008,Normal
blk_1000001009,Anomaly
blk_1000001010,Normal
blk_1000001011,Normal
blk_1000001012,Normal
blk_1000001013,Anomaly
blk_1000001014,Normal
blk_1000001015,Normal
blk_1000001016,Normal
blk_1000001017,Normal
blk_1000001018,Anomaly
blk_1000001019,Normal
blk_1000001020,Normal
blk_1000001021,Anomaly
blk_1000001022,Normal
blk_1000001023,Anomaly
blk_1000001024,Normal
blk_1000001025,Normal
blk_1000001026,Normal
blk_1000001027,Normal
blk_1000001028,Normal
blk_1000001029,Normal
blk_1000001030,Normal
blk_1000001031,Normal
blk_1000001032,Normal
blk_1000001033,Normal
blk_1000001034,Normal
blk_1000001035,Normal
blk_1000001036,Normal
blk_1000001037,Normal
blk_1000001038,Normal
blk_1000001039,Normal
blk_1000001040,Normal
blk_1000001041,Normal
blk_1000001042,Normal
blk_1000001043,Normal
blk_1000001044,Normal
blk_1000001045,Normal
blk_1000001046,Normal
blk_1000001047,Normal
blk_1000001048,Anomaly
blk_1000001049,Normal
blk_1000001050,Normal
blk_1000001051,Normal
blk_1000001052,Anomaly
blk_1000001053,Normal
blk_1000001054,Normal
blk_1000001055,Anomaly
blk_1000001056,Normal
blk_1000001057,Normal
blk_1000001058,Normal
blk_1000001059,Normal
blk_1000001060,Normal
blk_1000001061,Normal
blk_1000001062,Normal
blk_1000001063,Normal
blk_1000001064,Anomaly
blk_1000001065,Normal
blk_1000001066,Normal
blk_1000001067,Normal
blk_1000001068,Normal
blk_1000001069,Normal
blk_1000001070,Normal
blk_1000001071,Normal
blk_1000001072,Normal
blk_1000001073,Normal
blk_1000001074,Normal
blk_1000001075,Normal
blk_1000001076,Normal
blk_1000001077,Anomaly
blk_1000001078,Normal
blk_1000001079,Normal
blk_1000001080,Normal
blk_1000001081,Normal
blk_1000001082,Normal
blk_1000001083,Normal
blk_1000001084,Normal
blk_1000001085,Normal
blk_1000001086,Normal
blk_1000001087,Normal
blk_1000001088,Anomaly
blk_1000001089,Normal
blk_1000001090,Normal
blk_1000001091,Normal
blk_1000001092,Anomaly
blk_1000001093,Normal
blk_1000001094,Anomaly
blk_1000001095,Normal
blk_1000001096,Normal
blk_1000001097,Normal
blk_1000001098,Normal
blk_1000001099,Normal
blk_1000001100,Normal
blk_1000001101,Normal
blk_1000001102,Anomaly
blk_1000001103,Normal
blk_1000001104,Normal
blk_1000001105,Normal
blk_1000001106,Anomaly
blk_1000001107,Normal
blk_1000001108,Anomaly
blk_1000001109,Normal
blk_1000001110,Normal
blk_1000001111,Normal
blk_1000001112,Normal
blk_1000001113,Anomaly
blk_1000001114,Normal
blk_1000001115,Normal
blk_1000001116,Normal
blk_1000001117,Normal
blk_1000001118,Normal
blk_1000001119,Normal
blk_1000001120,Normal
blk_1000001121,Anomaly
blk_1000001122,Normal
blk_1000001123,Anomaly
blk_1000001124,Anomaly
blk_1000001125,Normal
blk_1000001126,Anomaly
blk_1000001127,Normal
blk_1000001128,Anomaly
blk_1000001129,Normal
blk_1000001130,Normal
blk_1000001131,Normal
blk_1000001132,Normal
blk_1000001133,Normal
blk_1000001134,Normal
blk_1000001135,Normal
blk_1000001136,Anomaly
blk_1000001137,Normal
blk_1000001138,Normal
blk_1000001139,Anomaly
blk_1000001140,Normal
blk_1000001141,Normal
blk_1000001142,Normal
blk_1000001143,Normal
blk_1000001144,Normal
blk_1000001145,Normal
blk_1000001146,Normal
blk_1000001147,Normal
blk_1000001148,Normal
blk_1000001149,Normal
blk_1000001150,Normal
blk_1000001151,Normal
blk_1000001152,Anomaly
blk_1000001153,Anomaly
blk_1000001154,Normal
blk_1000001155,Normal
blk_1000001156,Normal
blk_1000001157,Normal
blk_1000001158,Anomaly
blk_1000001159,Anomaly
blk_1000001160,Normal
blk_1000001161,Anomaly
blk_1000001162,Normal
blk_1000001163,Anomaly
blk_1000001164,Normal
blk_1000001165,Normal
blk_1000001166,Normal
blk_1000001167,Normal
blk_1000001168,Anomaly
blk_1000001169,Anomaly
blk_1000001170,Normal
blk_1000001171,Normal
blk_1000001172,Normal
blk_1000001173,Normal
blk_1000001174,Normal
blk_1000001175,Normal
blk_1000001176,Normal
blk_1000001177,Normal
blk_1000001178,Normal
blk_1000001179,Anomaly
blk_1000001180,Normal
blk_1000001181,Normal
blk_1000001182,Normal
blk_1000001183,Anomaly
blk_1000001184,Normal
blk_1000001185,Normal
blk_1000001186,Normal
blk_1000001187,Normal
blk_1000001188,Normal
blk_1000001189,Normal
blk_1000001190,Normal
blk_1000001191,Normal
blk_1000001192,Normal
blk_1000001193,Anomaly
blk_1000001194,Normal
blk_1000001195,Normal
blk_1000001196,Normal
blk_1000001197,Normal
blk_1000001198,Normal
blk_1000001199,Normal
blk_1000001200,Normal
blk_1000001201,Normal
blk_1000001202,Normal
blk_1000001203,Normal
blk_1000001204,Anomaly
blk_1000001205,Normal
blk_1000001206,Anomaly
blk_1000001207,Normal
blk_1000001208,Normal
blk_1000001209,Normal
blk_1000001210,Normal
blk_1000001211,Normal
blk_1000001212,Normal
blk_1000001213,Anomaly
blk_1000001214,Normal
blk_1000001215,Anomaly
blk_1000001216,Normal
blk_1000001217,Normal
blk_1000001218,Normal
blk_1000001219,Normal
blk_1000001220,Normal
blk_1000001221,Normal
blk_1000001222,Anomaly
blk_1000001223,Normal
blk_1000001224,Anomaly
blk_1000001225,Normal
blk_1000001226,Normal
blk_1000001227,Normal
blk_1000001228,Anomaly
blk_1000001229,Anomaly
blk_1000001230,Normal
blk_1000001231,Normal
blk_1000001232,Normal
blk_1000001233,Normal
blk_1000001234,Normal
blk_1000001235,Normal
blk_1000001236,Normal
blk_1000001237,Normal
blk_1000001238,Normal
blk_1000001239,Normal
blk_1000001240,Normal
blk_1000001241,Normal
blk_1000001242,Normal
blk_1000001243,Normal
blk_1000001244,Normal
blk_1000001245,Normal
blk_1000001246,Normal
blk_1000001247,Normal
blk_1000001248,Normal
blk_1000001249,Normal
blk_1000001250,Normal
blk_1000001251,Normal
blk_1000001252,Normal
blk_1000001253,Normal
blk_1000001254,Normal
blk_1000001255,Normal
blk_1000001256,Anomaly
blk_1000001257,Normal
blk_1000001258,Normal
blk_1000001259,Normal
blk_1000001260,Normal
blk_1000001261,Normal
blk_1000001262,Anomaly
blk_1000001263,Normal
blk_1000001264,Normal
blk_1000001265,Normal
blk_1000001266,Normal
blk_1000001267,Normal
blk_1000001268,Normal
blk_1000001269,Normal
blk_1000001270,Anomaly
blk_1000001271,Normal
blk_1000001272,Normal
blk_1000001273,Anomaly
blk_1000001274,Normal
blk_1000001275,Anomaly
blk_1000001276,Normal
blk_1000001277,Normal
blk_1000001278,Normal
blk_1000001279,Normal
blk_1000001280,Normal
blk_1000001281,Normal
blk_1000001282,Normal
blk_1000001283,Normal
blk_1000001284,Normal
blk_1000001285,Normal
blk_1000001286,Normal
blk_1000001287,Normal
blk_1000001288,Normal
blk_1000001289,Normal
blk_1000001290,Normal
blk_1000001291,Normal
blk_1000001292,Anomaly
blk_1000001293,Normal
blk_1000001294,Normal
blk_1000001295,Normal
blk_1000001296,Normal
blk_1000001297,Normal
blk_1000001298,Normal
blk_1000001299,Normal
blk_1000001300,Normal
blk_1000001301,Normal
blk_1000001302,Normal
blk_1000001303,Normal
blk_1000001304,Normal
blk_1000001305,Normal
blk_1000001306,Normal
blk_1000001307,Normal
blk_1000001308,Normal
blk_1000001309,Normal
blk_1000001310,Normal
blk_1000001311,Anomaly
blk_1000001312,Normal
blk_1000001313,Anomaly
blk_1000001314,Normal
blk_1000001315,Normal
blk_1000001316,Normal
blk_1000001317,Normal
blk_1000001318,Normal
blk_1000001319,Anomaly
blk_1000001320,Normal
blk_1000001321,Normal
blk_1000001322,Normal
blk_1000001323,Normal
blk_1000001324,Normal
blk_1000001325,Normal
blk_1000001326,Normal
blk_1000001327,Normal
blk_1000001328,Normal
blk_1000001329,Normal
blk_1000001330,Normal
blk_1000001331,Normal
blk_1000001332,Anomaly
blk_1000001333,Normal
blk_1000001334,Normal
blk_1000001335,Normal
blk_1000001336,Normal
blk_1000001337,Anomaly
blk_1000001338,Normal
blk_1000001339,Normal
blk_1000001340,Normal
blk_1000001341,Normal
blk_1000001342,Normal
blk_1000001343,Normal
blk_1000001344,Normal
blk_1000001345,Normal
blk_1000001346,Normal
blk_1000001347,Normal
blk_1000001348,Normal
blk_1000001349,Anomaly
blk_1000001350,Anomaly
blk_1000001351,Normal
blk_1000001352,Normal
blk_1000001353,Normal
blk_1000001354,Normal
blk_1000001355,Normal
blk_1000001356,Normal
blk_1000001357,Normal
blk_1000001358,Anomaly
blk_1000001359,Normal
blk_1000001360,Anomaly
blk_1000001361,Normal
blk_1000001362,Normal
blk_1000001363,Normal
blk_1000001364,Normal
blk_1000001365,Normal
blk_1000001366,Normal
blk_1000001367,Anomaly
blk_1000001368,Normal
blk_1000001369,Normal
blk_1000001370,Normal
blk_1000001371,Normal
blk_1000001372,Normal
blk_1000001373,Normal
blk_1000001374,Normal
blk_1000001375,Normal
blk_1000001376,Normal
blk_1000001377,Anomaly
blk_1000001378,Normal
blk_1000001379,Anomaly
blk_1000001380,Normal
blk_1000001381,Anomaly
blk_1000001382,Anomaly
blk_1000001383,Normal
blk_1000001384,Normal
blk_1000001385,Normal
blk_1000001386,Normal
blk_1000001387,Normal
blk_1000001388,Normal
blk_1000001389,Normal
blk_1000001390,Normal
blk_1000001391,Normal
blk_1000001392,Anomaly
blk_1000001393,Normal
blk_1000001394,Normal
blk_1000001395,Anomaly
blk_1000001396,Normal
blk_1000001397,Normal
blk_1000001398,Normal
blk_1000001399,Normal
blk_1000001400,Anomaly
blk_1000001401,Anomaly
blk_1000001402,Normal
blk_1000001403,Normal
blk_1000001404,Normal
blk_1000001405,Normal
blk_1000001406,Normal
blk_1000001407,Normal
blk_1000001408,Normal
blk_1000001409,Anomaly
blk_1000001410,Normal
blk_1000001411,Anomaly
blk_1000001412,Normal
blk_1000001413,Anomaly
blk_1000001414,Normal
blk_1000001415,Normal
blk_1000001416,Normal
blk_1000001417,Normal
blk_1000001418,Normal
blk_1000001419,Normal
blk_1000001420,Normal
blk_1000001421,Normal
blk_1000001422,Normal
blk_1000001423,Normal
blk_1000001424,Normal
blk_1000001425,Normal
blk_1000001426,Normal
blk_1000001427,Normal
blk_1000001428,Normal
blk_1000001429,Normal
blk_1000001430,Normal
blk_1000001431,Normal
blk_1000001432,Normal
blk_1000001433,Anomaly
blk_1000001434,Normal
blk_1000001435,Anomaly
blk_1000001436,Normal
blk_1000001437,Normal
blk_1000001438,Normal
blk_1000001439,Normal
blk_1000001440,Normal
blk_1000001441,Normal
blk_1000001442,Normal
blk_1000001443,Normal
blk_1000001444,Anomaly
blk_1000001445,Normal
blk_1000001446,Anomaly
blk_1000001447,Normal
blk_1000001448,Normal
blk_1000001449,Normal
blk_1000001450,Anomaly
blk_1000001451,Anomaly
blk_1000001452,Normal
blk_1000001453,Anomaly
blk_1000001454,Anomaly
blk_1000001455,Normal
blk_1000001456,Normal
blk_1000001457,Normal
blk_1000001458,Normal
blk_1000001459,Normal
blk_1000001460,Normal
blk_1000001461,Normal
blk_1000001462,Normal
blk_1000001463,Normal
blk_1000001464,Normal
blk_1000001465,Normal
blk_1000001466,Normal
blk_1000001467,Normal
blk_1000001468,Normal
blk_1000001469,Normal
blk_1000001470,Normal
blk_1000001471,Normal
blk_1000001472,Normal
blk_1000001473,Normal
blk_1000001474,Anomaly
blk_1000001475,Normal
blk_1000001476,Normal
blk_1000001477,Normal
blk_1000001478,Normal
blk_1000001479,Normal
blk_1000001480,Normal
blk_1000001481,Normal
blk_1000001482,Normal
blk_1000001483,Normal
blk_1000001484,Normal
blk_1000001485,Normal
blk_1000001486,Normal
blk_1000001487,Normal
blk_1000001488,Anomaly
blk_1000001489,Normal
blk_1000001490,Normal
blk_1000001491,Normal
blk_1000001492,Anomaly
blk_1000001493,Anomaly
blk_1000001494,Normal
blk_1000001495,Normal
blk_1000001496,Normal
blk_1000001497,Anomaly
blk_1000001498,Normal
blk_1000001499,Normal
blk_1000001500,Normal
blk_1000001501,Normal
blk_1000001502,Normal
blk_1000001503,Normal
blk_1000001504,Normal
blk_1000001505,Normal
blk_1000001506,Normal
blk_1000001507,Normal
blk_1000001508,Normal
blk_1000001509,Normal
blk_1000001510,Anomaly
blk_1000001511,Normal
blk_1000001512,Normal
blk_1000001513,Anomaly
blk_1000001514,Normal
blk_1000001515,Normal
blk_1000001516,Normal
blk_1000001517,Anomaly
blk_1000001518,Normal
blk_1000001519,Normal
blk_1000001520,Normal
blk_1000001521,Normal
blk_1000001522,Anomaly
blk_1000001523,Normal
blk_1000001524,Normal
blk_1000001525,Normal
blk_1000001526,Normal
blk_1000001527,Normal
blk_1000001528,Normal
blk_1000001529,Normal
blk_1000001530,Normal
blk_1000001531,Normal
blk_1000001532,Normal
blk_1000001533,Normal
blk_1000001534,Anomaly
blk_1000001535,Normal
blk_1000001536,Normal
blk_1000001537,Normal
blk_1000001538,Normal
blk_1000001539,Normal
blk_1000001540,Normal
blk_1000001541,Normal
blk_1000001542,Normal
blk_1000001543,Normal
blk_1000001544,Normal
blk_1000001545,Normal
blk_1000001546,Normal
blk_1000001547,Normal
blk_1000001548,Anomaly
blk_1000001549,Normal
blk_1000001550,Anomaly
blk_1000001551,Anomaly
blk_1000001552,Anomaly
blk_1000001553,Normal
blk_1000001554,Normal
blk_1000001555,Normal
blk_1000001556,Anomaly
blk_1000001557,Anomaly
blk_1000001558,Anomaly
blk_1000001559,Anomaly
blk_1000001560,Normal
blk_1000001561,Normal
blk_1000001562,Normal
blk_1000001563,Normal
blk_1000001564,Normal
blk_1000001565,Normal
blk_1000001566,Normal
blk_1000001567,Normal
blk_1000001568,Normal
blk_1000001569,Normal
blk_1000001570,Normal
blk_1000001571,Normal
blk_1000001572,Normal
blk_1000001573,Normal
blk_1000001574,Normal
blk_1000001575,Normal
blk_1000001576,Normal
blk_1000001577,Normal
blk_1000001578,Anomaly
blk_1000001579,Normal
blk_1000001580,Normal
blk_1000001581,Normal
blk_1000001582,Normal
blk_1000001583,Normal
blk_1000001584,Anomaly
blk_1000001585,Normal
blk_1000001586,Normal
blk_1000001587,Normal
blk_1000001588,Normal
blk_1000001589,Normal
blk_1000001590,Normal
blk_1000001591,Normal
blk_1000001592,Normal
blk_1000001593,Normal
blk_1000001594,Normal
blk_1000001595,Anomaly
blk_1000001596,Normal
blk_1000001597,Normal
blk_1000001598,Normal
blk_1000001599,Normal
blk_1000001600,Normal
blk_1000001601,Anomaly
blk_1000001602,Normal
blk_1000001603,Anomaly
blk_1000001604,Normal
blk_1000001605,Anomaly
blk_1000001606,Normal
blk_1000001607,Normal
blk_1000001608,Normal
blk_1000001609,Normal
blk_1000001610,Anomaly
blk_1000001611,Anomaly
blk_1000001612,Normal
blk_1000001613,Normal
blk_1000001614,Normal
blk_1000001615,Normal
blk_1000001616,Normal
blk_1000001617,Normal
blk_1000001618,Normal
blk_1000001619,Normal
blk_1000001620,Anomaly
blk_1000001621,Normal
blk_1000001622,Normal
blk_1000001623,Normal
blk_1000001624,Normal
blk_1000001625,Normal
blk_1000001626,Normal
blk_1000001627,Normal
blk_1000001628,Normal
blk_1000001629,Normal
blk_1000001630,Normal
blk_1000001631,Normal
blk_1000001632,Normal
blk_1000001633,Anomaly
blk_1000001634,Normal
blk_1000001635,Normal
blk_1000001636,Anomaly
blk_1000001637,Anomaly
blk_1000001638,Normal
blk_1000001639,Normal
blk_1000001640,Normal
blk_1000001641,Normal
blk_1000001642,Normal
blk_1000001643,Anomaly
blk_1000001644,Normal
blk_1000001645,Normal
blk_1000001646,Normal
blk_1000001647,Normal
blk_1000001648,Normal
blk_1000001649,Normal
blk_1000001650,Anomaly
blk_1000001651,Normal
blk_1000001652,Normal
blk_1000001653,Normal
blk_1000001654,Normal
blk_1000001655,Anomaly
blk_1000001656,Normal
blk_1000001657,Normal
blk_1000001658,Normal
blk_1000001659,Normal
blk_1000001660,Normal
blk_1000001661,Normal
blk_1000001662,Anomaly
blk_1000001663,Normal
blk_1000001664,Normal
blk_1000001665,Normal
blk_1000001666,Normal
blk_1000001667,Normal
blk_1000001668,Normal
blk_1000001669,Normal
blk_1000001670,Normal
blk_1000001671,Normal
blk_1000001672,Normal
blk_1000001673,Normal
blk_1000001674,Normal
blk_1000001675,Normal
blk_1000001676,Normal
blk_1000001677,Normal
blk_1000001678,Normal
blk_1000001679,Normal
blk_1000001680,Normal
blk_1000001681,Normal
blk_1000001682,Normal
blk_1000001683,Normal
blk_1000001684,Normal
blk_1000001685,Normal
blk_1000001686,Normal
blk_1000001687,Anomaly
blk_1000001688,Normal
blk_1000001689,Normal
blk_1000001690,Normal
blk_1000001691,Normal
blk_1000001692,Normal
blk_1000001693,Normal
blk_1000001694,Normal
blk_1000001695,Normal
blk_1000001696,Normal
blk_1000001697,Normal
blk_1000001698,Normal
blk_1000001699,Anomaly
blk_1000001700,Anomaly
blk_1000001701,Normal
blk_1000001702,Normal
blk_1000001703,Normal
blk_1000001704,Normal
blk_1000001705,Normal
blk_1000001706,Anomaly
blk_1000001707,Normal
blk_1000001708,Normal
blk_1000001709,Normal
blk_1000001710,Normal
blk_1000001711,Normal
blk_1000001712,Normal
blk_1000001713,Normal
blk_1000001714,Normal
blk_1000001715,Normal
blk_1000001716,Normal
blk_1000001717,Normal
blk_1000001718,Normal
blk_1000001719,Normal
blk_1000001720,Normal
blk_1000001721,Normal
blk_1000001722,Anomaly
blk_1000001723,Normal
blk_1000001724,Anomaly
blk_1000001725,Normal
blk_1000001726,Normal
blk_1000001727,Normal
blk_1000001728,Normal
blk_1000001729,Normal
blk_1000001730,Normal
blk_1000001731,Normal
blk_1000001732,Normal
blk_1000001733,Normal
blk_1000001734,Normal
blk_1000001735,Anomaly
blk_1000001736,Normal
blk_1000001737,Normal
blk_1000001738,Anomaly
blk_1000001739,Normal
blk_1000001740,Normal
blk_1000001741,Normal
blk_1000001742,Normal
blk_1000001743,Normal
blk_1000001744,Normal
blk_1000001745,Normal
blk_1000001746,Anomaly
blk_1000001747,Normal
blk_1000001748,Normal
blk_1000001749,Normal
blk_1000001750,Normal
blk_1000001751,Normal
blk_1000001752,Normal
blk_1000001753,Normal
blk_1000001754,Normal
blk_1000001755,Normal
blk_1000001756,Normal
blk_1000001757,Normal
blk_1000001758,Normal
blk_1000001759,Normal
blk_1000001760,Normal
blk_1000001761,Normal
blk_1000001762,Anomaly
blk_1000001763,Anomaly
blk_1000001764,Normal
blk_1000001765,Normal
blk_1000001766,Normal
blk_1000001767,Normal
blk_1000001768,Normal
blk_1000001769,Normal
blk_1000001770,Normal
blk_1000001771,Normal
blk_1000001772,Normal
blk_1000001773,Normal
blk_1000001774,Normal
blk_1000001775,Normal
blk_1000001776,Normal
blk_1000001777,Normal
blk_1000001778,Anomaly
blk_1000001779,Normal
blk_1000001780,Normal
blk_1000001781,Normal
blk_1000001782,Normal
blk_1000001783,Normal
blk_1000001784,Normal
blk_1000001785,Normal
blk_1000001786,Anomaly
blk_1000001787,Normal
blk_1000001788,Normal
blk_1000001789,Normal
blk_1000001790,Normal
blk_1000001791,Normal
blk_1000001792,Normal
blk_1000001793,Anomaly
blk_1000001794,Anomaly
blk_1000001795,Normal
blk_1000001796,Normal
blk_1000001797,Normal
blk_1000001798,Normal
blk_1000001799,Normal
blk_1000001800,Normal
blk_1000001801,Normal
blk_1000001802,Normal
blk_1000001803,Normal
blk_1000001804,Normal
blk_1000001805,Normal
blk_1000001806,Normal
blk_1000001807,Normal
blk_1000001808,Anomaly
blk_1000001809,Normal
blk_1000001810,Normal
blk_1000001811,Anomaly
blk_1000001812,Normal
blk_1000001813,Normal
blk_1000001814,Normal
blk_1000001815,Normal
blk_1000001816,Normal
blk_1000001817,Normal
blk_1000001818,Anomaly
blk_1000001819,Normal
blk_1000001820,Normal
blk_1000001821,Anomaly
blk_1000001822,Normal
blk_1000001823,Normal
blk_1000001824,Normal
blk_1000001825,Normal
blk_1000001826,Normal
blk_1000001827,Normal
blk_1000001828,Normal
blk_1000001829,Normal
blk_1000001830,Anomaly
blk_1000001831,Anomaly
blk_1000001832,Normal
blk_1000001833,Normal
blk_1000001834,Normal
blk_1000001835,Anomaly
blk_1000001836,Normal
blk_1000001837,Anomaly
blk_1000001838,Normal
blk_1000001839,Normal
blk_1000001840,Normal
blk_1000001841,Anomaly
blk_1000001842,Normal
blk_1000001843,Normal
blk_1000001844,Anomaly
blk_1000001845,Normal
blk_1000001846,Normal
blk_1000001847,Normal
blk_1000001848,Normal
blk_1000001849,Normal
blk_1000001850,Normal
blk_1000001851,Normal
blk_1000001852,Normal
blk_1000001853,Normal
blk_1000001854,Normal
blk_1000001855,Normal
blk_1000001856,Normal
blk_1000001857,Normal
blk_1000001858,Normal
blk_1000001859,Normal
blk_1000001860,Anomaly
blk_1000001861,Normal
blk_1000001862,Normal
blk_1000001863,Normal
blk_1000001864,Normal
blk_1000001865,Normal
blk_1000001866,Normal
blk_1000001867,Normal
blk_1000001868,Normal
blk_1000001869,Normal
blk_1000001870,Normal
blk_1000001871,Normal
blk_1000001872,Normal
blk_1000001873,Normal
blk_1000001874,Normal
blk_1000001875,Normal
blk_1000001876,Normal
blk_1000001877,Normal
blk_1000001878,Normal
blk_1000001879,Normal
blk_1000001880,Normal
blk_1000001881,Normal
blk_1000001882,Normal
blk_1000001883,Anomaly
blk_1000001884,Normal
blk_1000001885,Normal
blk_1000001886,Normal
blk_1000001887,Normal
blk_1000001888,Normal
blk_1000001889,Normal
blk_1000001890,Normal
blk_1000001891,Normal
blk_1000001892,Normal
blk_1000001893,Normal
blk_1000001894,Normal
blk_1000001895,Normal
blk_1000001896,Normal
blk_1000001897,Normal
blk_1000001898,Normal
blk_1000001899,Normal
blk_1000001900,Normal
blk_1000001901,Normal
blk_1000001902,Normal
blk_1000001903,Normal
blk_1000001904,Normal
blk_1000001905,Normal
blk_1000001906,Normal
blk_1000001907,Normal
blk_1000001908,Normal
blk_1000001909,Normal
blk_1000001910,Normal
blk_1000001911,Normal
blk_1000001912,Normal
blk_1000001913,Normal
blk_1000001914,Anomaly
blk_1000001915,Normal
blk_1000001916,Normal
blk_1000001917,Normal
blk_1000001918,Normal
blk_1000001919,Anomaly
blk_1000001920,Normal
blk_1000001921,Normal
blk_1000001922,Normal
blk_1000001923,Normal
blk_1000001924,Normal
blk_1000001925,Anomaly
blk_1000001926,Normal
blk_1000001927,Normal
blk_1000001928,Normal
blk_1000001929,Normal
blk_1000001930,Normal
blk_1000001931,Normal
blk_1000001932,Normal
blk_1000001933,Anomaly
blk_1000001934,Normal
blk_1000001935,Normal
blk_1000001936,Normal
blk_1000001937,Normal
blk_1000001938,Normal
blk_1000001939,Normal
blk_1000001940,Normal
blk_1000001941,Anomaly
blk_1000001942,Normal
blk_1000001943,Anomaly
blk_1000001944,Normal
blk_1000001945,Anomaly
blk_1000001946,Normal
blk_1000001947,Normal
blk_1000001948,Normal
blk_1000001949,Normal
blk_1000001950,Normal
blk_1000001951,Anomaly
blk_1000001952,Normal
blk_1000001953,Normal
blk_1000001954,Normal
blk_1000001955,Normal
blk_1000001956,Anomaly
blk_1000001957,Normal
blk_1000001958,Normal
blk_1000001959,Normal
blk_1000001960,Normal
blk_1000001961,Normal
blk_1000001962,Normal
blk_1000001963,Normal
blk_1000001964,Normal
blk_1000001965,Normal
blk_1000001966,Normal
blk_1000001967,Anomaly
blk_1000001968,Normal
blk_1000001969,Normal
blk_1000001970,Normal
blk_1000001971,Normal
blk_1000001972,Normal
blk_1000001973,Normal
blk_1000001974,Normal
blk_1000001975,Normal
blk_1000001976,Normal
blk_1000001977,Normal
blk_1000001978,Normal
blk_1000001979,Normal
blk_1000001980,Normal
blk_1000001981,Anomaly
blk_1000001982,Normal
blk_1000001983,Normal
blk_1000001984,Normal
blk_1000001985,Normal
blk_1000001986,Normal
blk_1000001987,Normal
blk_1000001988,Normal
blk_1000001989,Normal
blk_1000001990,Normal
blk_1000001991,Normal
blk_1000001992,Normal
blk_1000001993,Anomaly
blk_1000001994,Anomaly
blk_1000001995,Normal
blk_1000001996,Normal
blk_1000001997,Normal
blk_1000001998,Normal
blk_1000001999,Normal
blk_1000002000,Normal
blk_1000002001,Normal
blk_1000002002,Normal
blk_1000002003,Normal
blk_1000002004,Normal
blk_1000002005,Normal
blk_1000002006,Anomaly
blk_1000002007,Normal
blk_1000002008,Normal
blk_1000002009,Normal
blk_1000002010,Normal
blk_1000002011,Normal
blk_1000002012,Anomaly
blk_1000002013,Normal
blk_1000002014,Normal
blk_1000002015,Anomaly
blk_1000002016,Normal
blk_1000002017,Normal
blk_1000002018,Normal
blk_1000002019,Normal
blk_1000002020,Normal
blk_1000002021,Normal
blk_1000002022,Normal
blk_1000002023,Normal
blk_1000002024,Normal
blk_1000002025,Normal
blk_1000002026,Normal
blk_1000002027,Normal
blk_1000002028,Normal
blk_1000002029,Normal
blk_1000002030,Normal
blk_1000002031,Normal
blk_1000002032,Normal
blk_1000002033,Normal
blk_1000002034,Normal
blk_1000002035,Normal
blk_1000002036,Normal
blk_1000002037,Normal
blk_1000002038,Normal
blk_1000002039,Normal
blk_1000002040,Normal
blk_1000002041,Normal
blk_1000002042,Normal
blk_1000002043,Normal
blk_1000002044,Normal
blk_1000002045,Normal
blk_1000002046,Normal
blk_1000002047,Normal
blk_1000002048,Normal
blk_1000002049,Normal
blk_1000002050,Normal
blk_1000002051,Normal
blk_1000002052,Normal
blk_1000002053,Normal
blk_1000002054,Normal
blk_1000002055,Normal
blk_1000002056,Normal
blk_1000002057,Normal
blk_1000002058,Normal
blk_1000002059,Normal
blk_1000002060,Normal
blk_1000002061,Anomaly
blk_1000002062,Anomaly
blk_1000002063,Normal
blk_1000002064,Normal
blk_1000002065,Anomaly
blk_1000002066,Normal
blk_1000002067,Anomaly
blk_1000002068,Anomaly
blk_1000002069,Anomaly
blk_1000002070,Normal
blk_1000002071,Normal
blk_1000002072,Normal
blk_1000002073,Anomaly
blk_1000002074,Normal
blk_1000002075,Normal
blk_1000002076,Normal
blk_1000002077,Normal
blk_1000002078,Normal
blk_1000002079,Normal
blk_1000002080,Normal
blk_1000002081,Normal
blk_1000002082,Normal
blk_1000002083,Anomaly
blk_1000002084,Normal
blk_1000002085,Normal
blk_1000002086,Normal
blk_1000002087,Normal
blk_1000002088,Normal
blk_1000002089,Normal
blk_1000002090,Anomaly
blk_1000002091,Normal
blk_1000002092,Normal
blk_1000002093,Normal
blk_1000002094,Normal
blk_1000002095,Normal
blk_1000002096,Normal
blk_1000002097,Normal
blk_1000002098,Normal
blk_1000002099,Normal
blk_1000002100,Normal
blk_1000002101,Normal
blk_1000002102,Normal
blk_1000002103,Anomaly
blk_1000002104,Normal
blk_1000002105,Normal
blk_1000002106,Normal
blk_1000002107,Normal
blk_1000002108,Normal
blk_1000002109,Normal
blk_1000002110,Anomaly
blk_1000002111,Normal
blk_1000002112,Normal
blk_1000002113,Normal
blk_1000002114,Normal
blk_1000002115,Normal
blk_1000002116,Anomaly
blk_1000002117,Normal
blk_1000002118,Normal
blk_1000002119,Normal
blk_1000002120,Normal
blk_1000002121,Anomaly
blk_1000002122,Normal
blk_1000002123,Normal
blk_1000002124,Normal
blk_1000002125,Normal
blk_1000002126,Normal
blk_1000002127,Normal
blk_1000002128,Anomaly
blk_1000002129,Normal
blk_1000002130,Normal
blk_1000002131,Anomaly
blk_1000002132,Normal
blk_1000002133,Normal
blk_1000002134,Anomaly
blk_1000002135,Normal
blk_1000002136,Normal
blk_1000002137,Anomaly
blk_1000002138,Normal
blk_1000002139,Normal
blk_1000002140,Normal
blk_1000002141,Normal
blk_1000002142,Normal
blk_1000002143,Normal
blk_1000002144,Normal
blk_1000002145,Normal
blk_1000002146,Normal
blk_1000002147,Normal
blk_1000002148,Normal
blk_1000002149,Anomaly
blk_1000002150,Normal
blk_1000002151,Normal
blk_1000002152,Normal
blk_1000002153,Normal
blk_1000002154,Normal
blk_1000002155,Normal
blk_1000002156,Normal
blk_1000002157,Normal
blk_1000002158,Anomaly
blk_1000002159,Anomaly
blk_1000002160,Normal
blk_1000002161,Normal
blk_1000002162,Normal
blk_1000002163,Normal
blk_1000002164,Normal
blk_1000002165,Normal
blk_1000002166,Normal
blk_1000002167,Normal
blk_1000002168,Normal
blk_1000002169,Normal
blk_1000002170,Normal
blk_1000002171,Normal
blk_1000002172,Normal
blk_1000002173,Anomaly
blk_1000002174,Normal
blk_1000002175,Normal
blk_1000002176,Normal
blk_1000002177,Normal
blk_1000002178,Normal
blk_1000002179,Normal
blk_1000002180,Normal
blk_1000002181,Normal
blk_1000002182,Normal
blk_1000002183,Normal
blk_1000002184,Normal
blk_1000002185,Normal
blk_1000002186,Normal
blk_1000002187,Normal
blk_1000002188,Normal
blk_1000002189,Normal
blk_1000002190,Normal
blk_1000002191,Normal
blk_1000002192,Normal
blk_1000002193,Normal
blk_1000002194,Normal
blk_1000002195,Normal
blk_1000002196,Normal
blk_1000002197,Normal
blk_1000002198,Normal
blk_1000002199,Normal
blk_1000002200,Normal
blk_1000002201,Normal
blk_1000002202,Normal
blk_1000002203,Normal
blk_1000002204,Normal
blk_1000002205,Anomaly
blk_1000002206,Normal
blk_1000002207,Normal
blk_1000002208,Normal
blk_1000002209,Normal
blk_1000002210,Normal
blk_1000002211,Normal
blk_1000002212,Normal
blk_1000002213,Normal
blk_1000002214,Normal
blk_1000002215,Normal
blk_1000002216,Anomaly
blk_1000002217,Normal
blk_1000002218,Normal
blk_1000002219,Normal
blk_1000002220,Anomaly
blk_1000002221,Normal
blk_1000002222,Normal
blk_1000002223,Normal
blk_1000002224,Anomaly
blk_1000002225,Normal
blk_1000002226,Normal
blk_1000002227,Anomaly
blk_1000002228,Normal
blk_1000002229,Normal
blk_1000002230,Normal
blk_1000002231,Anomaly
blk_1000002232,Normal
blk_1000002233,Anomaly
blk_1000002234,Normal
blk_1000002235,Normal
blk_1000002236,Normal
blk_1000002237,Normal
blk_1000002238,Normal
blk_1000002239,Normal
blk_1000002240,Normal
blk_1000002241,Normal
blk_1000002242,Normal
blk_1000002243,Normal
blk_1000002244,Normal
blk_1000002245,Normal
blk_1000002246,Anomaly
blk_1000002247,Anomaly
blk_1000002248,Normal
blk_1000002249,Anomaly
blk_1000002250,Normal
blk_1000002251,Normal
blk_1000002252,Normal
blk_1000002253,Normal
blk_1000002254,Normal
blk_1000002255,Normal
blk_1000002256,Normal
blk_1000002257,Normal
blk_1000002258,Normal
blk_1000002259,Normal
blk_1000002260,Normal
blk_1000002261,Normal
blk_1000002262,Normal
blk_1000002263,Normal
blk_1000002264,Normal
blk_1000002265,Normal
blk_1000002266,Normal
blk_1000002267,Normal
blk_1000002268,Normal
blk_1000002269,Normal
blk_1000002270,Normal
blk_1000002271,Normal
blk_1000002272,Normal
blk_1000002273,Normal
blk_1000002274,Normal
blk_1000002275,Anomaly
blk_1000002276,Normal
blk_1000002277,Anomaly
blk_1000002278,Normal
blk_1000002279,Normal
blk_1000002280,Normal
blk_1000002281,Normal
blk_1000002282,Anomaly
blk_1000002283,Normal
blk_1000002284,Normal
blk_1000002285,Normal
blk_1000002286,Normal
blk_1000002287,Normal
blk_1000002288,Normal
blk_1000002289,Normal
blk_1000002290,Normal
blk_1000002291,Anomaly
blk_1000002292,Normal
blk_1000002293,Normal
blk_1000002294,Anomaly
blk_1000002295,Normal
blk_1000002296,Normal
blk_1000002297,Normal
blk_1000002298,Anomaly
blk_1000002299,Normal
blk_1000002300,Normal
blk_1000002301,Normal
blk_1000002302,Normal
blk_1000002303,Normal
blk_1000002304,Normal
blk_1000002305,Normal
blk_1000002306,Normal
blk_1000002307,Normal
blk_1000002308,Normal
blk_1000002309,Normal
blk_1000002310,Normal
blk_1000002311,Anomaly
blk_1000002312,Normal
blk_1000002313,Normal
blk_1000002314,Normal
blk_1000002315,Normal
blk_1000002316,Normal
blk_1000002317,Normal
blk_1000002318,Normal
blk_1000002319,Normal
blk_1000002320,Normal
blk_1000002321,Anomaly
blk_1000002322,Normal
blk_1000002323,Normal
blk_1000002324,Normal
blk_1000002325,Anomaly
blk_1000002326,Normal
blk_1000002327,Normal
blk_1000002328,Anomaly
blk_1000002329,Normal
blk_1000002330,Normal
blk_1000002331,Normal
blk_1000002332,Anomaly
blk_1000002333,Anomaly
blk_1000002334,Normal
blk_1000002335,Anomaly
blk_1000002336,Normal
blk_1000002337,Normal
blk_1000002338,Anomaly
blk_1000002339,Normal
blk_1000002340,Normal
blk_1000002341,Normal
blk_1000002342,Normal
blk_1000002343,Normal
blk_1000002344,Normal
blk_1000002345,Normal
blk_1000002346,Normal
blk_1000002347,Normal
blk_1000002348,Normal
blk_1000002349,Normal
blk_1000002350,Normal
blk_1000002351,Normal
blk_1000002352,Normal
blk_1000002353,Normal
blk_1000002354,Normal
blk_1000002355,Normal
blk_1000002356,Normal
blk_1000002357,Anomaly
blk_1000002358,Anomaly
blk_1000002359,Normal
blk_1000002360,Anomaly
blk_1000002361,Normal
blk_1000002362,Normal
blk_1000002363,Normal
blk_1000002364,Normal
blk_1000002365,Anomaly
blk_1000002366,Normal
blk_1000002367,Normal
blk_1000002368,Anomaly
blk_1000002369,Normal
blk_1000002370,Normal
blk_1000002371,Normal
blk_1000002372,Normal
blk_1000002373,Normal
blk_1000002374,Normal
blk_1000002375,Normal
blk_1000002376,Normal
blk_1000002377,Normal
blk_1000002378,Normal
blk_1000002379,Normal
blk_1000002380,Normal
blk_1000002381,Normal
blk_1000002382,Normal
blk_1000002383,Normal
blk_1000002384,Normal
blk_1000002385,Normal
blk_1000002386,Normal
blk_1000002387,Normal
blk_1000002388,Normal
blk_1000002389,Normal
blk_1000002390,Normal
blk_1000002391,Normal
blk_1000002392,Normal
blk_1000002393,Normal
blk_1000002394,Normal
blk_1000002395,Normal
blk_1000002396,Normal
blk_1000002397,Normal
blk_1000002398,Anomaly
blk_1000002399,Normal
blk_1000002400,Normal
blk_1000002401,Normal
blk_1000002402,Normal
blk_1000002403,Normal
blk_1000002404,Normal
blk_1000002405,Normal
blk_1000002406,Normal
blk_1000002407,Normal
blk_1000002408,Normal
blk_1000002409,Normal
blk_1000002410,Normal
blk_1000002411,Normal
blk_1000002412,Normal
blk_1000002413,Normal
blk_1000002414,Normal
blk_1000002415,Normal
blk_1000002416,Normal
blk_1000002417,Normal
blk_1000002418,Normal
blk_1000002419,Normal
blk_1000002420,Normal
blk_1000002421,Normal
blk_1000002422,Normal
blk_1000002423,Normal
blk_1000002424,Normal
blk_1000002425,Anomaly
blk_1000002426,Normal
blk_1000002427,Normal
blk_1000002428,Normal
blk_1000002429,Normal
blk_1000002430,Normal
blk_1000002431,Normal
blk_1000002432,Anomaly
blk_1000002433,Normal
blk_1000002434,Normal
blk_1000002435,Normal
blk_1000002436,Normal
blk_1000002437,Normal
blk_1000002438,Normal
blk_1000002439,Normal
blk_1000002440,Normal
blk_1000002441,Normal
blk_1000002442,Normal
blk_1000002443,Normal
blk_1000002444,Normal
blk_1000002445,Normal
blk_1000002446,Normal
blk_1000002447,Normal
blk_1000002448,Normal
blk_1000002449,Normal
blk_1000002450,Anomaly
blk_1000002451,Anomaly
blk_1000002452,Normal
blk_1000002453,Normal
blk_1000002454,Normal
blk_1000002455,Normal
blk_1000002456,Anomaly
blk_1000002457,Normal
blk_1000002458,Normal
blk_1000002459,Anomaly
blk_1000002460,Normal
blk_1000002461,Normal
blk_1000002462,Normal
blk_1000002463,Normal
blk_1000002464,Normal
blk_1000002465,Normal
blk_1000002466,Normal
blk_1000002467,Anomaly
blk_1000002468,Normal
blk_1000002469,Anomaly
blk_1000002470,Normal
blk_1000002471,Normal
blk_1000002472,Normal
blk_1000002473,Anomaly
blk_1000002474,Anomaly
blk_1000002475,Normal
blk_1000002476,Normal
blk_1000002477,Normal
blk_1000002478,Normal
blk_1000002479,Normal
blk_1000002480,Normal
blk_1000002481,Normal
blk_1000002482,Normal
blk_1000002483,Anomaly
blk_1000002484,Normal
blk_1000002485,Normal
blk_1000002486,Normal
blk_1000002487,Normal
blk_1000002488,Normal
blk_1000002489,Normal
blk_1000002490,Normal
blk_1000002491,Normal
blk_1000002492,Normal
blk_1000002493,Normal
blk_1000002494,Normal
blk_1000002495,Normal
blk_1000002496,Normal
blk_1000002497,Normal
blk_1000002498,Normal
blk_1000002499,Normal
blk_1000002500,Normal
blk_1000002501,Normal
blk_1000002502,Normal
blk_1000002503,Normal
blk_1000002504,Normal
blk_1000002505,Normal
blk_1000002506,Normal
blk_1000002507,Normal
blk_1000002508,Normal
blk_1000002509,Normal
blk_1000002510,Normal
blk_1000002511,Normal
blk_1000002512,Normal
blk_1000002513,Normal
blk_1000002514,Normal
blk_1000002515,Anomaly
blk_1000002516,Normal
blk_1000002517,Normal
blk_1000002518,Normal
blk_1000002519,Normal
blk_1000002520,Normal
blk_1000002521,Anomaly
blk_1000002522,Normal
blk_1000002523,Anomaly
blk_1000002524,Normal
blk_1000002525,Anomaly
blk_1000002526,Normal
blk_1000002527,Normal
blk_1000002528,Anomaly
blk_1000002529,Normal
blk_1000002530,Normal
blk_1000002531,Normal
blk_1000002532,Normal
blk_1000002533,Anomaly
blk_1000002534,Normal
blk_1000002535,Normal
blk_1000002536,Normal
blk_1000002537,Normal
blk_1000002538,Normal
blk_1000002539,Normal
blk_1000002540,Normal
blk_1000002541,Normal
blk_1000002542,Normal
blk_1000002543,Normal
blk_1000002544,Normal
blk_1000002545,Normal
blk_1000002546,Normal
blk_1000002547,Normal
blk_1000002548,Normal
blk_1000002549,Normal
blk_1000002550,Normal
blk_1000002551,Anomaly
blk_1000002552,Normal
blk_1000002553,Normal
blk_1000002554,Normal
blk_1000002555,Normal
blk_1000002556,Normal
blk_1000002557,Normal
blk_1000002558,Normal
blk_1000002559,Normal
blk_1000002560,Normal
blk_1000002561,Normal
blk_1000002562,Normal
blk_1000002563,Anomaly
blk_1000002564,Normal
blk_1000002565,Normal
blk_1000002566,Normal
blk_1000002567,Normal
blk_1000002568,Normal
blk_1000002569,Normal
blk_1000002570,Normal
blk_1000002571,Normal
blk_1000002572,Normal
blk_1000002573,Normal
blk_1000002574,Normal
blk_1000002575,Normal
blk_1000002576,Normal
blk_1000002577,Normal
blk_1000002578,Normal
blk_1000002579,Normal
blk_1000002580,Normal
blk_1000002581,Normal
blk_1000002582,Normal
blk_1000002583,Anomaly
blk_1000002584,Anomaly
blk_1000002585,Normal
blk_1000002586,Normal
blk_1000002587,Normal
blk_1000002588,Normal
blk_1000002589,Normal
blk_1000002590,Anomaly
blk_1000002591,Normal
blk_1000002592,Normal
blk_1000002593,Normal
blk_1000002594,Normal
blk_1000002595,Normal
blk_1000002596,Normal
blk_1000002597,Anomaly
blk_1000002598,Normal
blk_1000002599,Normal
blk_1000002600,Normal
blk_1000002601,Anomaly
blk_1000002602,Normal
blk_1000002603,Normal
blk_1000002604,Anomaly
blk_1000002605,Normal
blk_1000002606,Normal
blk_1000002607,Normal
blk_1000002608,Normal
blk_1000002609,Normal
blk_1000002610,Normal
blk_1000002611,Anomaly
blk_1000002612,Anomaly
blk_1000002613,Normal
blk_1000002614,Normal
blk_1000002615,Anomaly
blk_1000002616,Normal
blk_1000002617,Normal
blk_1000002618,Normal
blk_1000002619,Normal
blk_1000002620,Normal
blk_1000002621,Normal
blk_1000002622,Normal
blk_1000002623,Normal
blk_1000002624,Normal
blk_1000002625,Anomaly
blk_1000002626,Normal
blk_1000002627,Normal
blk_1000002628,Normal
blk_1000002629,Normal
blk_1000002630,Normal
blk_1000002631,Normal
blk_1000002632,Normal
blk_1000002633,Anomaly
blk_1000002634,Normal
blk_1000002635,Normal
blk_1000002636,Normal
blk_1000002637,Normal
blk_1000002638,Normal
blk_1000002639,Normal
blk_1000002640,Normal
blk_1000002641,Normal
blk_1000002642,Normal
blk_1000002643,Normal
blk_1000002644,Anomaly
blk_1000002645,Normal
blk_1000002646,Normal
blk_1000002647,Anomaly
blk_1000002648,Normal
blk_1000002649,Normal
blk_1000002650,Normal
blk_1000002651,Normal
blk_1000002652,Normal
blk_1000002653,Normal
blk_1000002654,Normal
blk_1000002655,Normal
blk_1000002656,Normal
blk_1000002657,Normal
blk_1000002658,Anomaly
blk_1000002659,Normal
blk_1000002660,Normal
blk_1000002661,Normal
blk_1000002662,Normal
blk_1000002663,Normal
blk_1000002664,Normal
blk_1000002665,Normal
blk_1000002666,Normal
blk_1000002667,Normal
blk_1000002668,Normal
blk_1000002669,Normal
blk_1000002670,Normal
blk_1000002671,Normal
blk_1000002672,Normal
blk_1000002673,Normal
blk_1000002674,Normal
blk_1000002675,Normal
blk_1000002676,Normal
blk_1000002677,Normal
blk_1000002678,Normal
blk_1000002679,Normal
blk_1000002680,Normal
blk_1000002681,Normal
blk_1000002682,Normal
blk_1000002683,Normal
blk_1000002684,Normal
blk_1000002685,Normal
blk_1000002686,Normal
blk_1000002687,Normal
blk_1000002688,Normal
blk_1000002689,Normal
blk_1000002690,Normal
blk_1000002691,Normal
blk_1000002692,Normal
blk_1000002693,Normal
blk_1000002694,Normal
blk_1000002695,Normal
blk_1000002696,Normal
blk_1000002697,Normal
blk_1000002698,Normal
blk_1000002699,Normal
blk_1000002700,Normal
blk_1000002701,Normal
blk_1000002702,Normal
blk_1000002703,Normal
blk_1000002704,Normal
blk_1000002705,Normal
blk_1000002706,Normal
blk_1000002707,Normal
blk_1000002708,Normal
blk_1000002709,Normal
blk_1000002710,Normal
blk_1000002711,Normal
blk_1000002712,Normal
blk_1000002713,Normal
blk_1000002714,Anomaly
blk_1000002715,Normal
blk_1000002716,Normal
blk_1000002717,Normal
blk_1000002718,Normal
blk_1000002719,Normal
blk_1000002720,Normal
blk_1000002721,Normal
blk_1000002722,Anomaly
blk_1000002723,Normal
blk_1000002724,Anomaly
blk_1000002725,Normal
blk_1000002726,Normal
blk_1000002727,Anomaly
blk_1000002728,Anomaly
blk_1000002729,Normal
blk_1000002730,Normal
blk_1000002731,Normal
blk_1000002732,Normal
blk_1000002733,Normal
blk_1000002734,Normal
blk_1000002735,Normal
blk_1000002736,Anomaly
blk_1000002737,Anomaly
blk_1000002738,Normal
blk_1000002739,Normal
blk_1000002740,Normal
blk_1000002741,Normal
blk_1000002742,Normal
blk_1000002743,Normal
blk_1000002744,Anomaly
blk_1000002745,Normal
blk_1000002746,Normal
blk_1000002747,Normal
blk_1000002748,Normal
blk_1000002749,Normal
blk_1000002750,Normal
blk_1000002751,Normal
blk_1000002752,Normal
blk_1000002753,Normal
blk_1000002754,Normal
blk_1000002755,Anomaly
blk_1000002756,Normal
blk_1000002757,Normal
blk_1000002758,Anomaly
blk_1000002759,Normal
blk_1000002760,Normal
blk_1000002761,Normal
blk_1000002762,Anomaly
blk_1000002763,Normal
blk_1000002764,Normal
blk_1000002765,Normal
blk_1000002766,Normal
blk_1000002767,Normal
blk_1000002768,Anomaly
blk_1000002769,Normal
blk_1000002770,Normal
blk_1000002771,Anomaly
blk_1000002772,Normal
blk_1000002773,Normal
blk_1000002774,Normal
blk_1000002775,Normal
blk_1000002776,Normal
blk_1000002777,Normal
blk_1000002778,Normal
blk_1000002779,Normal
blk_1000002780,Normal
blk_1000002781,Normal
blk_1000002782,Normal
blk_1000002783,Normal
blk_1000002784,Normal
blk_1000002785,Normal
blk_1000002786,Anomaly
blk_1000002787,Anomaly
blk_1000002788,Normal
blk_1000002789,Normal
blk_1000002790,Normal
blk_1000002791,Normal
blk_1000002792,Normal
blk_1000002793,Normal
blk_1000002794,Normal
blk_1000002795,Normal
blk_1000002796,Normal
blk_1000002797,Normal
blk_1000002798,Normal
blk_1000002799,Normal
blk_1000002800,Anomaly
blk_1000002801,Normal
blk_1000002802,Normal
blk_1000002803,Normal
blk_1000002804,Normal
blk_1000002805,Normal
blk_1000002806,Normal
blk_1000002807,Anomaly
blk_1000002808,Anomaly
blk_1000002809,Normal
blk_1000002810,Normal
blk_1000002811,Normal
blk_1000002812,Normal
blk_1000002813,Normal
blk_1000002814,Normal
blk_1000002815,Normal
blk_1000002816,Normal
blk_1000002817,Normal
blk_1000002818,Normal
blk_1000002819,Normal
blk_1000002820,Normal
blk_1000002821,Normal
blk_1000002822,Normal
blk_1000002823,Normal
blk_1000002824,Anomaly
blk_1000002825,Anomaly
blk_1000002826,Normal
blk_1000002827,Anomaly
blk_1000002828,Anomaly
blk_1000002829,Normal
blk_1000002830,Anomaly
blk_1000002831,Normal
blk_1000002832,Normal
blk_1000002833,Normal
blk_1000002834,Normal
blk_1000002835,Normal
blk_1000002836,Normal
blk_1000002837,Normal
blk_1000002838,Normal
blk_1000002839,Normal
blk_1000002840,Normal
blk_1000002841,Anomaly
blk_1000002842,Anomaly
blk_1000002843,Anomaly
blk_1000002844,Normal
blk_1000002845,Normal
blk_1000002846,Anomaly
blk_1000002847,Normal
blk_1000002848,Anomaly
blk_1000002849,Normal
blk_1000002850,Normal
blk_1000002851,Normal
blk_1000002852,Normal
blk_1000002853,Normal
blk_1000002854,Normal
blk_1000002855,Normal
blk_1000002856,Normal
blk_1000002857,Normal
blk_1000002858,Normal
blk_1000002859,Normal
blk_1000002860,Anomaly
blk_1000002861,Normal
blk_1000002862,Anomaly
blk_1000002863,Normal
blk_1000002864,Normal
blk_1000002865,Normal
blk_1000002866,Normal
blk_1000002867,Normal
blk_1000002868,Normal
blk_1000002869,Normal
blk_1000002870,Normal
blk_1000002871,Normal
blk_1000002872,Normal
blk_1000002873,Normal
blk_1000002874,Normal
blk_1000002875,Normal
blk_1000002876,Normal
blk_1000002877,Normal
blk_1000002878,Normal
blk_1000002879,Normal
blk_1000002880,Anomaly
blk_1000002881,Normal
blk_1000002882,Normal
blk_1000002883,Normal
blk_1000002884,Anomaly
blk_1000002885,Normal
blk_1000002886,Normal
blk_1000002887,Anomaly
blk_1000002888,Normal
blk_1000002889,Normal
blk_1000002890,Normal
blk_1000002891,Normal
blk_1000002892,Normal
blk_1000002893,Normal
blk_1000002894,Normal
blk_1000002895,Normal
blk_1000002896,Normal
blk_1000002897,Normal
blk_1000002898,Normal
blk_1000002899,Normal
blk_1000002900,Anomaly
blk_1000002901,Normal
blk_1000002902,Normal
blk_1000002903,Anomaly
blk_1000002904,Anomaly
blk_1000002905,Normal
blk_1000002906,Normal
blk_1000002907,Normal
blk_1000002908,Normal
blk_1000002909,Normal
blk_1000002910,Normal
blk_1000002911,Normal
blk_1000002912,Anomaly
blk_1000002913,Normal
blk_1000002914,Normal
blk_1000002915,Anomaly
blk_1000002916,Anomaly
blk_1000002917,Anomaly
blk_1000002918,Normal
blk_1000002919,Anomaly
blk_1000002920,Normal
blk_1000002921,Normal
blk_1000002922,Normal
blk_1000002923,Normal
blk_1000002924,Normal
blk_1000002925,Anomaly
blk_1000002926,Normal
blk_1000002927,Anomaly
blk_1000002928,Anomaly
blk_1000002929,Normal
blk_1000002930,Normal
blk_1000002931,Normal
blk_1000002932,Normal
blk_1000002933,Normal
blk_1000002934,Anomaly
blk_1000002935,Normal
blk_1000002936,Normal
blk_1000002937,Anomaly
blk_1000002938,Normal
blk_1000002939,Normal
blk_1000002940,Normal
blk_1000002941,Normal
blk_1000002942,Anomaly
blk_1000002943,Normal
blk_1000002944,Normal
blk_1000002945,Normal
blk_1000002946,Normal
blk_1000002947,Normal
blk_1000002948,Normal
blk_1000002949,Normal
blk_1000002950,Normal
blk_1000002951,Normal
blk_1000002952,Normal
blk_1000002953,Normal
blk_1000002954,Normal
blk_1000002955,Normal
blk_1000002956,Normal
blk_1000002957,Normal
blk_1000002958,Normal
blk_1000002959,Normal
blk_1000002960,Normal
blk_1000002961,Normal
blk_1000002962,Normal
blk_1000002963,Normal
blk_1000002964,Normal
blk_1000002965,Anomaly
blk_1000002966,Normal
blk_1000002967,Normal
blk_1000002968,Normal
blk_1000002969,Normal
blk_1000002970,Normal
blk_1000002971,Normal
blk_1000002972,Normal
blk_1000002973,Normal
blk_1000002974,Anomaly
blk_1000002975,Anomaly
blk_1000002976,Anomaly
blk_1000002977,Normal
blk_1000002978,Normal
blk_1000002979,Normal
blk_1000002980,Normal
blk_1000002981,Normal
blk_1000002982,Normal
blk_1000002983,Normal
blk_1000002984,Normal
blk_1000002985,Normal
blk_1000002986,Normal
blk_1000002987,Normal
blk_1000002988,Normal
blk_1000002989,Normal
blk_1000002990,Normal
blk_1000002991,Anomaly
blk_1000002992,Normal
blk_1000002993,Normal
blk_1000002994,Normal
blk_1000002995,Normal
blk_1000002996,Normal
blk_1000002997,Normal
blk_1000002998,Normal
blk_1000002999,Anomaly
